MUNICIPI,PSC-CP,ERC-AM,JUNTS,Cs,PP,Others,total_votes,latitude,longitude
Abella de la Conca,0,64,0,0,0,58,122,42.1614592,1.0923357
Abrera,3006,810,0,426,192,1378,5812,41.5204464,1.9024126
Agramunt,0,0,0,0,0,2326,2326,41.787076,1.0985119
Aguilar de Segarra,0,0,123,0,0,60,183,41.7394902,1.6316676
Agullana,0,129,230,0,0,96,455,42.3938409,2.8469168
Aiguafreda,0,458,675,0,94,149,1376,41.7692525,2.2517162
Aiguamúrcia,0,0,0,0,10,517,527,41.329339,1.3585409
Aiguaviva,14,140,0,0,0,314,468,41.9382389,2.7624155
Aitona,0,0,0,0,106,1118,1224,41.4939531,0.4591083
Alamús,0,0,0,0,0,449,449,41.6151049,0.7387323
Albagés,0,0,0,0,0,265,265,41.448483,0.7389506
Albanyà,0,0,67,0,0,11,78,42.3046915,2.7193001
Albatàrrec,0,241,0,115,0,608,964,41.5733194,0.6059163
Albesa,0,0,0,0,0,847,847,41.7513409,0.6591801
Albi,0,0,0,0,0,520,520,41.4234389,0.9384768
Albinyana,376,128,712,117,13,0,1346,41.2454739,1.486748
Albiol,0,0,0,0,0,276,276,41.2518657,1.0897995
Albons,0,0,0,0,0,345,345,42.1058271,3.0849746
Alcanar,355,2451,484,0,232,907,4429,40.5438634,0.4808409
Alcanó,0,0,0,0,0,130,130,41.4811336,0.6167568
Alcarràs,297,1173,0,155,95,1710,3430,41.5632578,0.5240396
Alcoletge,388,146,0,134,36,835,1539,41.6472222,0.6944444
Alcover,0,175,245,0,66,2046,2532,41.2629186,1.1702772
Aldea,0,0,1048,0,0,1024,2072,40.7445104,0.6188148
Aldover,223,0,0,0,0,316,539,40.8800537,0.5000194
Aleixar,0,64,262,0,0,177,503,41.2010494,1.0451659
Alella,0,0,0,441,144,4186,4771,41.4952867,2.2942758
Alfara de Carles,0,0,0,0,0,177,177,40.8738809,0.400045
Alfarràs,448,234,0,0,50,842,1574,41.8319289,0.5703358
Alforja,99,348,533,0,0,0,980,41.2099763,0.9750606
Alfés,0,0,0,0,0,155,155,41.5214162,0.6200114
Algerri,0,0,0,0,0,207,207,41.81505,0.6384169
Alguaire,0,557,0,0,0,852,1409,41.7361463,0.585933
Alins,0,44,0,0,0,159,203,42.549124,1.3180552
Alió,0,0,209,0,0,0,209,41.2935881,1.3062666
Almacelles,0,417,0,70,141,2319,2947,41.7294989,0.4404763
Almatret,0,48,0,0,0,142,190,41.3053912,0.423659
Almenar,0,757,0,0,37,999,1793,41.7961026,0.5688317
Almoster,0,498,200,0,0,0,698,41.1960574,1.1111352
Alp,0,0,0,0,0,778,778,42.3736381,1.8871916
Alpens,0,0,0,0,0,186,186,42.1195348,2.101673
Alpicat,232,668,0,185,122,1891,3098,41.6651189,0.5560656
Alt Àneu,0,0,0,0,0,294,294,42.6903552,1.0624833
Altafulla,212,0,0,144,90,2254,2700,41.1423467,1.3768704
Alàs i Cerc,0,0,0,0,0,192,192,42.3219118,1.5170869
Alòs de Balaguer,0,0,59,0,0,27,86,41.9124041,0.9607021
Amer,0,349,0,0,0,839,1188,42.0092186,2.6030327
Ametlla de Mar,0,1418,912,238,0,596,3164,40.9045442,0.8123024
Ametlla del Vallès,377,0,1079,0,190,2582,4228,41.669334,2.2614527
Ampolla,0,398,956,203,0,0,1557,40.8122038,0.706957
Amposta,860,0,0,410,0,8456,9726,40.7079905,0.5827636
Anglesola,0,0,0,0,0,789,789,41.6581289,1.0834165
Anglès,63,143,0,0,0,2274,2480,41.9559224,2.6359493
Arbeca,0,0,0,0,0,1261,1261,41.5413249,0.9242319
Arbolí,0,64,35,0,0,0,99,41.2425941,0.9487676
Arboç,1297,0,0,133,0,1033,2463,41.3700889,2.1307976
Arbúcies,0,591,0,0,0,2368,2959,41.8160629,2.5141453
Arenys de Mar,801,2023,0,312,360,4118,7614,41.5797031,2.5491562
Arenys de Munt,740,1818,1165,0,0,742,4465,41.6095429,2.5400513
Argelaguer,0,0,0,0,0,186,186,42.2145207,2.6414922
Argentera,0,0,0,0,0,75,75,41.9562131,1.0346164
Argentona,847,0,0,0,628,4926,6401,41.5554326,2.4002787
Argençola,0,105,0,0,0,26,131,41.5977099,1.4433782
Armentera,0,0,0,0,0,329,329,42.1718706,3.0741446
Arnes,0,120,169,0,0,62,351,40.9110193,0.2610217
Arres,0,0,0,0,0,51,51,42.7583345,0.7090562
Arsèguel,0,26,0,0,0,28,54,42.3507602,1.5830268
Artesa de Lleida,0,403,0,0,0,472,875,41.552805,0.7034622
Artesa de Segre,0,747,401,0,0,451,1599,41.8962914,1.0471121
Artés,0,1156,0,434,0,1258,2848,41.7973321,1.9551567
Ascó,0,279,69,0,0,755,1103,41.1805311,0.5679989
Aspa,0,0,0,0,1,138,139,41.4954431,0.6725123
Avellanes i Santa Linya,0,0,143,0,0,155,298,41.9286777,0.8003304
Avinyonet de Puigventós,0,0,539,0,0,168,707,42.2499757,2.9145442
Avinyonet del Penedès,0,0,0,0,0,951,951,41.3559709,1.7823978
Avinyó,0,887,247,0,0,0,1134,41.8630096,1.9707409
Avià,0,0,0,0,0,1301,1301,42.0774337,1.8221304
Badalona,19913,0,0,1772,37539,40105,99329,41.4493539,2.248254
Badia del Vallès,2949,476,135,563,250,1289,5662,41.5075702,2.1153773
Bagà,0,0,0,0,0,1281,1281,42.2527659,1.8625903
Baix Pallars,0,0,0,0,0,214,214,42.3386268,1.0139824
Balaguer,1079,0,1247,252,269,4181,7028,41.7896408,0.8050711
Balenyà,0,383,0,0,0,1399,1782,41.8155343,2.2139849
Balsareny,0,738,833,0,0,0,1571,41.8631839,1.8755997
Banyeres del Penedès,385,0,305,0,72,780,1542,41.2791532,1.5813324
Banyoles,0,0,0,0,0,9069,9069,42.1180477,2.7653607
Barbens,0,0,214,0,0,223,437,41.6777676,1.0164683
Barberà de la Conca,0,0,0,0,0,172,172,41.4110876,1.2288159
Barberà del Vallès,3941,2421,0,1424,728,6790,15304,41.5172534,2.1265942
Barcelona,138885,0,79280,0,37786,495857,751808,41.3825802,2.177073
Baronia de Rialb,0,38,139,0,0,8,185,42.0209491,1.1923551
Bassella,0,0,0,0,0,163,163,42.0062092,1.2960417
Batea,0,0,339,0,0,737,1076,41.094279,0.3140574
Bausen,0,0,0,0,0,48,48,42.8347635,0.7158147
Begues,352,648,0,331,68,2276,3675,41.3328119,1.925468
Begur,214,0,0,51,0,1759,2024,41.9541918,3.2088349
Belianes,0,0,0,0,0,244,244,41.5608943,1.0165748
Bell-lloc d'Urgell,0,0,646,0,62,556,1264,41.6306236,0.7785425
Bellaguarda,0,0,0,0,0,226,226,41.3372673,0.7361281
Bellcaire d'Empordà,0,0,0,0,0,401,401,42.0810857,3.0944347
Bellcaire d'Urgell,0,0,188,0,0,595,783,41.7589072,0.904537
Bellmunt d'Urgell,0,0,81,0,0,45,126,41.7741855,0.9519865
Bellmunt del Priorat,0,0,138,0,0,0,138,41.1632384,0.7661468
Bellprat,0,0,0,0,0,43,43,41.5174829,1.4335846
Bellpuig,0,0,0,0,0,2168,2168,41.6254383,1.0117111
Bellvei,275,0,302,132,0,334,1043,41.2390234,1.5780273
Bellver de Cerdanya,0,194,0,0,0,839,1033,42.3702061,1.7745202
Bellvís,0,0,331,0,0,847,1178,41.6721394,0.8176989
Benavent de Segrià,0,225,0,0,47,526,798,41.6957038,0.6327181
Benifallet,0,168,0,0,0,360,528,40.9740568,0.5172791
Benissanet,0,0,0,0,0,436,436,41.0572357,0.6342959
Berga,745,948,0,90,252,6082,8117,42.1011456,1.8454758
Besalú,0,0,0,0,0,1285,1285,42.1986443,2.6959559
Bescanó,0,1116,0,0,0,1582,2698,41.9670349,2.7389937
Beuda,0,57,0,0,0,150,207,42.2372601,2.7097379
Bigues i Riells del Fai,0,0,229,355,100,3646,4330,41.6829679,2.2083886
Biosca,0,0,96,0,0,4,100,41.8419229,1.3579097
Bisbal d'Empordà,0,1513,0,0,0,2929,4442,41.9598687,3.039616
Bisbal de Montsant,3,0,103,0,0,25,131,41.2798965,0.722297
Bisbal del Penedès,281,179,0,0,0,1243,1703,41.2778415,1.4905591
Biure,0,0,6,0,0,123,129,42.3380996,2.8949823
Blancafort,0,215,0,0,0,0,215,41.4388964,1.1593801
Blanes,3249,3268,0,2017,561,6903,15998,41.6756178,2.7932391
Boadella i les Escaules,0,107,63,0,0,7,177,42.3305346,2.8572023
Bolvir,0,0,0,0,0,258,258,42.417885,1.8798183
Bonastre,0,107,0,0,0,231,338,41.2211883,1.4400593
Bordils,0,87,0,0,0,736,823,42.0440682,2.9116018
Borges Blanques,0,0,0,85,53,2829,2967,41.575779,2.0397169
Borges del Camp,123,442,553,0,0,0,1118,41.1360773,1.1184429
Borrassà,0,0,307,0,0,0,307,42.2224982,2.9268828
Borredà,0,0,0,0,0,315,315,42.1355536,1.9941054
Bossòst,0,0,0,0,0,611,611,42.7859893,0.69312
Bot,0,0,142,0,0,237,379,41.0094492,0.385667
Botarell,145,383,0,0,0,36,564,41.1362847,0.9897786
Bovera,0,0,0,0,0,172,172,41.3269404,0.6386632
Breda,213,1376,0,0,0,492,2081,41.7484044,2.5613326
Bruc,0,0,300,0,0,709,1009,41.6944047,2.5000814
Brull,0,0,0,0,0,111,111,41.8168099,2.3052283
Brunyola i Sant Martí Sapresa,0,0,0,0,0,255,255,41.9049114,2.6839536
Bràfim,0,0,0,0,0,412,412,41.2687867,1.341243
Bàscara,0,345,193,0,0,0,538,42.1591723,2.9092786
Bòrdes,0,0,0,0,0,151,151,42.7375291,0.7200281
Cabacés,0,0,0,0,0,167,167,41.2470037,0.7331063
Cabanabona,0,0,30,0,0,17,47,41.8516398,1.2165622
Cabanelles,0,0,0,0,0,82,82,42.2302177,2.8187019
Cabanes,0,0,297,0,0,219,516,42.3087348,2.9764243
Cabanyes,0,0,339,0,0,190,529,41.8538163,3.0496189
Cabra del Camp,0,0,257,0,0,326,583,41.3952451,1.2772435
Cabrera d'Anoia,269,0,41,98,0,289,697,41.4773537,1.7041083
Cabrera de Mar,233,482,0,163,0,1731,2609,41.5276986,2.3925117
Cabrils,339,1237,743,392,0,816,3527,41.5262354,2.3676258
Cabó,0,25,0,0,7,63,95,42.2391689,1.2469615
Cadaqués,0,141,374,0,0,731,1246,42.2893484,3.2752159
Calaf,0,0,0,0,0,1681,1681,41.7323852,1.5150275
Calafell,3659,1449,0,968,670,3450,10196,41.2014639,1.5680321
Calders,0,0,0,0,0,593,593,41.7892144,1.9916386
Caldes d'Estrac,295,565,273,79,0,134,1346,41.5719788,2.5277607
Caldes de Malavella,436,664,0,252,0,2098,3450,41.839282,2.8097485
Caldes de Montbui,1378,4113,888,0,543,1364,8286,41.632265,2.1676442
Calella,1068,1860,0,510,334,4357,8129,41.6132925,2.6576102
Calldetenes,0,0,0,0,0,1360,1360,41.9257651,2.2834318
Callús,0,696,305,0,0,0,1001,41.7824664,1.7837664
Calonge de Segarra,0,0,95,0,0,43,138,41.7642502,1.4820028
Calonge i Sant Antoni,697,1145,0,0,268,2361,4471,41.8621762,3.0660825
Camarasa,0,0,221,0,0,323,544,41.8756649,0.8778945
Camarles,0,732,548,0,0,422,1702,40.7735425,0.6738724
Cambrils,1883,2841,1660,1918,854,4219,13375,41.0679423,1.0657579
Campdevànol,92,591,0,0,0,1048,1731,42.2230582,2.1680717
Campelles,0,60,0,0,0,35,95,42.2946353,2.1405635
Campins,0,145,91,0,0,65,301,41.7250261,2.4640701
Campllong,0,129,0,0,0,176,305,41.8948831,2.8309625
Camprodon,0,0,0,0,0,1255,1255,42.3127896,2.364926
Camós,0,0,0,0,0,447,447,42.0939665,2.7673592
Canejan,0,0,0,0,0,78,78,42.8382496,0.7399836
Canet d'Adri,0,0,0,0,0,441,441,42.0332009,2.7377666
Canet de Mar,867,1556,462,282,326,3476,6969,41.5900933,2.5777998
Canonja,1734,189,199,229,121,285,2757,41.120408,1.1820704
Canovelles,3403,754,0,448,240,1206,6051,41.6173948,2.28288
Cantallops,12,135,0,0,0,0,147,42.4235685,2.9248575
Canyelles,0,146,1576,143,29,300,2194,41.2858273,1.7222743
Capafonts,0,0,0,0,0,93,93,41.2948795,1.0269673
Capellades,414,902,0,297,0,1169,2782,41.53,1.684787
Capmany,12,0,231,0,0,0,243,42.3725028,2.9209753
Capolat,0,0,0,0,0,59,59,42.0776191,1.752867
Capçanes,0,0,0,0,0,184,184,41.1003901,0.7810956
Cardedeu,1542,3176,887,528,242,2671,9046,41.6385167,2.3558408
Cardona,614,1442,504,146,0,0,2706,41.9142758,1.68133
Carme,0,0,0,0,0,351,351,41.5319058,1.6198579
Caseres,0,0,0,0,0,136,136,41.0394845,0.2512487
Casserres,0,0,0,0,0,746,746,42.0138199,1.843045
Cassà de la Selva,478,2139,0,0,0,2136,4753,41.8874685,2.8742461
"Castell d'Aro, Platja d'Aro i s'Agaró",935,698,0,248,142,1877,3900,41.8151092,3.0310571
Castell de Mur,0,54,0,0,0,111,165,42.1209291,0.796629
Castell de l'Areny,0,0,45,0,0,0,45,42.1732169,1.9454439
Castellar de la Ribera,0,0,44,0,0,44,88,42.022662,1.4161208
Castellar de n'Hug,0,37,0,0,0,66,103,42.2826009,2.0165927
Castellar del Riu,0,54,0,0,0,57,111,42.1273226,1.7549529
Castellar del Vallès,0,2771,1307,731,265,7243,12317,41.6138122,2.0875963
Castellbell i el Vilar,943,499,354,0,27,0,1823,41.6402768,1.8472035
Castellbisbal,1737,701,0,587,0,2992,6017,41.4765136,1.9832978
Castellcir,0,0,0,0,0,312,312,41.7615048,2.1507238
Castelldans,0,0,0,0,62,458,520,41.4980663,0.7663389
Castelldefels,5430,4290,1525,1777,7904,5847,26773,41.2861022,1.9824173
Castellet i la Gornal,456,298,239,132,0,0,1125,41.2532183,1.5917346
Castellfollit de Riubregós,0,0,74,0,0,38,112,41.7762237,1.4383714
Castellfollit de la Roca,0,403,0,0,0,103,506,42.2193323,2.5512465
Castellfollit del Boix,0,0,0,0,0,261,261,41.6657331,1.6847457
Castellgalí,547,366,99,63,0,0,1075,41.6732765,1.8378043
Castellnou de Bages,0,373,117,0,0,257,747,41.8348967,1.8365127
Castellnou de Seana,0,114,271,0,0,0,385,41.6468732,0.9700315
Castellolí,0,0,0,0,0,338,338,41.5981563,1.7002468
Castellserà,0,0,0,0,0,614,614,41.7461952,0.9885816
Castellterçol,0,0,0,0,0,1145,1145,41.7503071,2.1230793
Castellvell del Camp,174,494,512,0,79,292,1551,41.1802558,1.0978312
Castellví de Rosanes,0,0,0,80,0,931,1011,41.450038,1.8994527
Castellví de la Marca,0,213,632,0,0,0,845,41.3375741,1.6026645
Castelló d'Empúries,333,1108,209,293,128,971,3042,42.2591074,3.0746425
Castelló de Farfanya,0,0,127,0,0,231,358,41.8195348,0.7284574
Catllar,629,0,236,230,81,977,2153,41.1748794,1.3256814
Cava,0,10,0,0,0,30,40,42.3165818,1.6111497
Cellera de Ter,0,0,0,0,0,1032,1032,41.9686921,2.6205193
Celrà,266,0,0,0,0,2218,2484,42.0247111,2.8789816
Centelles,1714,0,0,0,0,2156,3870,41.7981296,2.2218056
Cercs,0,0,333,0,0,337,670,42.1463987,1.8606233
Cerdanyola del Vallès,8688,5420,1864,3704,1604,7075,28355,41.4910324,2.1374969
Cervelló,0,0,0,316,89,4026,4431,41.3964186,1.9585925
Cervera,466,0,752,126,216,2191,3751,41.6730667,1.2729426
Cervià de Ter,0,184,0,0,0,374,558,42.0676956,2.9122136
Cervià de les Garrigues,0,0,0,0,0,310,310,41.425096,0.8603483
Cistella,0,0,132,0,0,0,132,42.268711,2.8472717
Ciutadilla,11,0,0,0,0,141,152,41.5613952,1.1393955
Clariana de Cardener,0,0,54,0,0,65,119,41.9337762,1.6255629
Cogul,0,0,0,0,0,83,83,41.9573734,1.6163372
Colera,0,0,194,0,0,0,194,42.4036867,3.1489254
Coll de Nargó,0,228,0,0,0,112,340,42.1739087,1.3161338
Collbató,0,0,414,199,31,1525,2169,41.570256,1.8285814
Colldejou,0,67,56,0,0,0,123,41.0991567,0.8875766
Collsuspina,0,0,0,0,0,226,226,41.8260718,2.174353
Colomers,0,0,0,0,0,88,88,42.0841561,2.9870811
Coma i la Pedra,0,0,57,0,0,116,173,42.1758114,1.5914256
Conca de Dalt,0,0,0,0,0,147,147,42.2310615,1.0565329
Conesa,0,0,0,0,0,42,42,41.5190356,1.2913382
Constantí,1472,0,224,108,116,589,2509,41.1528113,1.2151822
Copons,0,0,11,0,0,191,202,41.6363657,1.5179333
Corbera d'Ebre,0,143,116,0,79,268,606,41.0775819,0.4776725
Corbera de Llobregat,0,2151,0,548,213,3300,6212,41.4164771,1.927753
Corbins,0,0,0,0,0,708,708,41.6905677,0.6930804
Cornellà de Llobregat,18184,5387,0,3813,1820,8936,38140,41.355724,2.0706225
Cornellà del Terri,0,0,0,0,0,1326,1326,42.0898363,2.8157343
Cornudella de Montsant,0,402,147,0,0,0,549,41.2656573,0.9057114
Corçà,40,0,0,0,0,722,762,41.9893624,3.0170799
Creixell,312,205,386,0,273,347,1523,41.1677349,1.4407074
Crespià,0,0,0,0,0,140,140,42.1877796,2.7982926
"Cruïlles, Monells i Sant Sadurní de l'Heura",0,0,0,0,0,626,626,41.9558251,3.0114014
Cubelles,1037,790,664,691,254,3044,6480,41.2083363,1.6730541
Cubells,0,89,137,0,0,0,226,41.8526897,0.9587685
Cunit,1166,772,0,878,199,1825,4840,41.197596,1.6344596
Cànoves i Samalús,549,206,0,0,0,998,1753,41.7072824,2.3382536
Darnius,0,0,0,0,0,297,297,42.3665352,2.8337409
Das,0,0,0,0,0,215,215,42.3636176,1.8713459
Deltebre,0,0,0,88,0,6279,6367,40.7203938,0.7243445
Dosrius,814,723,0,156,123,877,2693,41.594347,2.4063166
Duesaigües,0,0,0,0,24,147,171,41.1457974,0.9305023
Escala,0,566,0,0,0,3315,3881,41.6378899,2.1623879
Esparreguera,3802,1485,700,888,276,2858,10009,41.5393249,1.8694549
Espinelves,0,0,0,0,0,110,110,41.8689558,2.4173566
Espluga Calba,0,0,0,0,0,136,136,41.4958498,1.0039347
Espluga de Francolí,0,0,0,0,0,2034,2034,41.4004742,1.1032654
Esplugues de Llobregat,9525,0,0,2527,1283,8833,22168,41.3776796,2.0899722
Espolla,0,0,0,0,0,230,230,42.3893146,2.9994355
Esponellà,0,0,0,0,0,274,274,42.1773757,2.7955223
Espot,0,54,0,0,0,191,245,42.5762878,1.0884847
Espunyola,0,0,0,0,0,172,172,42.0530138,1.7698522
Esquirol,0,0,0,0,0,1210,1210,42.0340216,2.3697082
Estamariu,0,0,0,0,0,53,53,42.3750366,1.5237335
Estany,0,173,0,0,0,89,262,41.8701712,2.1133532
Estaràs,0,0,52,0,0,51,103,41.6918538,1.3782786
Esterri d'Àneu,0,255,0,0,0,129,384,42.6274685,1.1228821
Esterri de Cardós,0,0,0,0,0,47,47,42.5924733,1.2620454
Falset,0,0,134,0,0,1384,1518,41.1450982,0.8196237
Far d'Empordà,0,318,0,0,0,56,374,42.2511629,2.9963544
Farrera,0,0,0,0,0,73,73,42.4969344,1.27255
Fatarella,0,0,166,0,0,421,587,41.1625016,0.4734986
Febró,7,0,0,0,0,22,29,41.2772556,1.0039681
Figaró-Montmany,0,0,0,0,0,543,543,41.7098219,2.253646
Figuera,3,0,0,0,0,61,64,41.7624717,1.614954
Figueres,2489,3232,0,1384,671,7809,15585,42.2666314,2.9638434
Figuerola del Camp,0,0,0,0,0,138,138,41.3720741,1.265571
Flaçà,0,0,0,0,0,533,533,42.0456854,2.9569565
Flix,0,0,373,0,0,1597,1970,41.2340447,0.5560861
Floresta,0,0,0,0,0,93,93,41.6114107,0.6302673
Fogars de Montclús,0,93,181,0,0,0,274,41.7471608,2.4394274
Fogars de la Selva,0,131,0,0,0,569,700,41.7342133,2.6728108
Foixà,0,0,0,0,0,161,161,42.0388268,2.9973628
Folgueroles,0,0,0,0,0,1363,1363,41.9392868,2.3180742
Fondarella,0,0,316,0,0,149,465,41.6342812,0.8739685
Fonollosa,0,0,0,0,0,669,669,41.7626001,1.6678299
Font-rubí,0,266,0,0,0,465,731,41.4365689,1.5878667
Fontanals de Cerdanya,0,0,0,0,0,215,215,42.3840589,1.9118567
Fontanilles,0,0,0,0,0,69,69,42.0111362,3.1065584
Fontcoberta,0,0,0,0,0,872,872,42.1425379,2.7897817
Foradada,0,0,98,0,0,8,106,41.876869,1.0131802
Forallac,0,0,0,43,0,957,1000,41.9405813,3.0817246
Fornells de la Selva,0,338,0,0,34,1163,1535,41.9319675,2.8090343
Fortià,122,0,0,0,0,281,403,42.2424345,3.0404198
Forès,0,0,29,0,0,0,29,41.4941385,1.2378499
Franqueses del Vallès,2280,0,0,799,176,5061,8316,41.6475034,2.3066306
Freginals,0,0,169,0,0,51,220,40.6715945,0.5202611
Fuliola,0,0,0,0,0,678,678,41.7143699,1.0187145
Fulleda,0,0,0,0,0,58,58,41.4634427,1.024406
Fígols,0,16,0,0,0,23,39,42.1809467,1.8366637
Fígols i Alinyà,0,84,0,0,0,93,177,42.2068675,1.3889096
Gaià,0,53,0,0,0,54,107,41.9160989,1.9255287
Galera,0,120,324,0,0,0,444,41.9127559,1.8885014
Gallifa,0,27,0,0,0,167,194,41.6937007,2.1164334
Gandesa,67,0,806,0,127,558,1558,41.0520413,0.4388956
Garcia,0,0,81,0,0,195,276,41.1358922,0.6517192
Garidells,4,0,0,0,0,96,100,41.2071322,1.2471593
Garriga,1016,0,2519,660,0,4181,8376,41.6849111,2.2865796
Garrigoles,0,38,0,0,1,52,91,42.1071682,3.030074
Garriguella,0,0,210,0,0,288,498,42.3446368,3.0642397
Garrigàs,0,0,188,0,0,0,188,42.1929222,2.9539294
Gavet de la Conca,0,45,0,0,0,132,177,42.123377,0.9202116
Gavà,8726,0,1222,2363,1069,7247,20627,41.3050933,2.0063126
Gelida,0,1044,217,151,50,2253,3715,41.4408877,1.8634309
Ger,0,64,0,0,0,182,246,42.4115726,1.8472085
Gimenells i el Pla de la Font,0,0,0,0,306,365,671,41.6714077,0.3842872
Ginestar,0,290,0,0,0,0,290,41.0432752,0.6356284
Girona,8123,6289,0,2891,1429,24419,43151,41.9793006,2.8199439
Gironella,149,0,0,0,23,2473,2645,42.0337588,1.8825316
Gisclareny,0,20,0,0,0,0,20,42.249978,1.7866137
Godall,0,0,0,0,42,410,452,40.6553486,0.4693771
Golmés,0,0,623,0,0,336,959,41.6331288,0.9321508
Gombrèn,0,0,0,0,0,122,122,42.2484304,2.0905975
Granada,168,0,474,0,0,505,1147,41.3766679,1.7186912
Granadella,0,0,0,0,0,483,483,41.3555437,0.6648954
Granera,0,15,0,0,0,36,51,41.7255146,2.0570042
Granja d'Escarp,0,0,0,0,41,355,396,41.4187382,0.3475385
Granollers,11974,4206,3600,2538,832,4469,27619,41.6079555,2.2876008
Granyanella,0,0,45,0,0,1,46,41.6485431,1.2236395
Granyena de Segarra,0,0,64,0,0,1,65,41.6238745,1.2461381
Granyena de les Garrigues,0,0,64,0,0,5,69,41.4329666,0.6491956
Gratallops,0,0,0,0,0,117,117,41.1934056,0.7768701
Gualba,0,0,385,0,0,365,750,41.7321147,2.5018684
Gualta,0,66,0,0,5,131,202,42.029638,3.1037954
Guardiola de Berguedà,0,0,0,0,0,522,522,42.2338584,1.8792389
Guiamets,0,0,0,0,0,182,182,41.1014359,0.7512122
Guils de Cerdanya,0,60,0,0,0,266,326,42.4479402,1.879737
Guimerà,0,0,0,0,0,160,160,41.5646664,1.1834968
Guingueta d'Àneu,0,0,0,0,0,196,196,42.5945266,1.1313477
Guissona,357,542,705,0,0,299,1903,41.785242,1.289032
Guixers,2,0,0,0,0,146,148,42.1435607,1.6678083
Gurb,0,0,0,0,0,1622,1622,41.9409869,2.2433019
Gósol,4,0,0,0,0,114,118,42.2365129,1.6605511
Horta de Sant Joan,0,0,335,0,0,405,740,40.9554904,0.315402
Hospitalet de Llobregat,43696,16342,3486,11899,5199,19741,100363,41.3598601,2.0997927
Hostalets de Pierola,0,600,264,60,34,527,1485,41.5592355,1.7965474
Hostalric,128,0,0,0,0,1975,2103,41.7451889,2.6330963
Igualada,0,4217,7503,1082,651,5650,19103,41.5790182,1.617346
Isona i Conca Dellà,0,0,0,0,0,616,616,42.1290793,1.0046633
Isòvol,0,0,0,0,0,167,167,42.3781028,1.8175789
Ivars d'Urgell,0,0,407,0,0,454,861,41.6809224,0.986114
Ivars de Noguera,0,0,154,0,0,0,154,41.8499999,0.5860625
Ivorra,0,69,0,0,0,0,69,41.7720734,1.3949562
Jafre,0,0,0,0,0,233,233,42.0726347,3.0107448
Jonquera,117,463,481,131,0,0,1192,42.3786952,1.7191297
Jorba,0,263,164,0,0,0,427,41.6014534,1.547408
Josa i Tuixén,0,0,0,0,0,80,80,42.2449099,1.5879768
Juià,0,0,0,0,0,173,173,42.0172969,2.9067184
Juncosa,0,0,0,0,0,175,175,41.3715158,0.7753498
Juneda,216,0,0,0,0,1506,1722,41.5485218,0.8245593
Les,0,0,0,0,0,495,495,42.8126854,0.7118311
Linyola,0,781,547,0,0,0,1328,41.7104501,0.9037626
Llacuna,0,0,0,0,0,483,483,41.3993586,2.1976986
Lladorre,0,28,0,0,0,122,150,42.6209464,1.2494301
Lladurs,3,33,87,0,0,35,158,42.044734,1.508155
Lladó,0,287,0,0,0,0,287,42.2478898,2.8120781
Llagosta,3931,578,0,356,217,884,5966,41.5139877,2.1912073
Llagostera,385,1128,0,169,0,1982,3664,41.8289064,2.8920386
Llambilles,0,0,0,0,0,445,445,41.9204519,2.8540402
Llanars,0,247,0,0,0,0,247,42.3207265,2.344001
Llançà,560,760,707,0,0,479,2506,42.3617316,3.1511804
Llardecans,0,0,0,0,0,237,237,41.3742018,0.5509848
Llavorsí,0,0,0,0,0,256,256,42.4957479,1.210519
Lleida,0,13402,0,5521,3416,33653,55992,41.6147605,0.6267842
Llers,0,0,412,0,0,210,622,42.2956869,2.9114592
Lles de Cerdanya,0,0,0,0,0,130,130,42.3903804,1.6875851
Llimiana,0,0,0,0,0,149,149,42.0750605,0.91585
Llinars del Vallès,663,2819,321,481,0,388,4672,41.6383547,2.4033771
Lliçà d'Amunt,2864,1812,396,527,318,1212,7129,41.6116458,2.2393525
Lliçà de Vall,710,911,731,409,109,501,3371,41.5915542,2.2422403
Lloar,3,0,48,0,0,0,51,41.185269,0.7505207
Llobera,1,56,66,0,0,52,175,41.9509343,1.4723539
Llorac,7,19,40,0,0,0,66,41.5561484,1.3071491
Llorenç del Penedès,222,101,527,0,0,337,1187,41.2831394,1.5533507
Lloret de Mar,2151,1488,0,1682,413,5830,11564,41.6973503,2.8392392
Llosses,0,69,0,0,0,51,120,42.1506279,2.1166718
Lluçà,0,0,0,0,0,113,113,42.0671674,2.0482158
Llívia,0,0,0,0,0,717,717,42.4640786,1.9804293
Madremanya,0,0,0,0,0,142,142,41.9900799,2.9568764
Maials,0,215,0,0,0,308,523,41.3640737,0.5053309
Maià de Montcal,0,0,0,0,0,151,151,42.2221769,2.7431144
Maldà,0,0,0,0,1,181,182,41.5505618,1.0396632
Malgrat de Mar,3125,1366,0,398,342,3353,8584,41.6459118,2.7414054
Malla,0,0,0,0,0,182,182,41.887016,2.2354564
Manlleu,1249,0,0,346,0,6648,8243,41.9999811,2.2841159
Manresa,4743,9119,0,2282,840,15170,32154,41.7288939,1.8286765
Margalef,2,0,51,0,0,0,53,41.2854434,0.7537968
Marganell,0,0,114,0,0,70,184,41.640666,1.7900194
Martorell,1859,1084,5958,828,307,1717,11753,41.4769177,1.9283971
Martorelles,0,1320,79,165,0,839,2403,41.52851,2.2374755
Marçà,0,0,268,0,0,0,268,41.1281164,0.8021678
Mas de Barberans,0,71,0,0,0,275,346,40.7345687,0.3742211
Masarac i Vilarnadal,0,0,147,0,0,6,153,42.3509939,2.9723618
Masdenverge,44,228,355,0,0,0,627,40.7150044,0.5311135
Masies de Roda,0,0,0,0,0,421,421,41.9895262,2.3076733
Masies de Voltregà,0,0,0,0,0,1794,1794,42.0267288,2.2347147
Masllorenç,0,0,116,0,0,194,310,41.270168,1.4144917
Masnou,1528,0,0,1207,366,8794,11895,42.0021068,1.4766988
Maspujols,0,0,259,0,0,204,463,41.1817965,1.0457853
Masquefa,1135,763,1726,386,81,295,4386,41.5026351,1.8110722
Masroig,0,0,78,0,0,226,304,41.1256089,0.7312995
Massalcoreig,0,229,0,0,0,0,229,41.4591786,0.3596468
Massanes,0,0,0,0,0,402,402,41.7654696,2.6528719
Massoteres,0,37,81,0,0,4,122,41.7970722,1.3103274
Masó,0,0,141,0,0,0,141,41.2226045,1.7189708
Matadepera,240,939,2578,295,213,557,4822,41.6012311,2.0275199
Mataró,21542,0,3633,3413,2109,24664,55361,41.5398348,2.4448926
Maçanet de Cabrenys,25,0,0,0,0,294,319,42.3861179,2.7485579
Maçanet de la Selva,301,616,0,162,0,1917,2996,41.7774422,2.7309252
Mediona,0,0,163,0,0,940,1103,41.4773943,1.6350185
Menàrguens,0,0,0,0,0,471,471,41.7300771,0.7438658
Meranges,0,0,0,0,12,51,63,42.4460663,1.7870102
Mieres,64,0,0,0,0,147,211,42.1244124,2.6401122
Milà,0,0,75,0,0,57,132,41.3953996,2.1617621
Miralcamp,0,0,313,0,0,471,784,41.6049685,0.8801705
Miravet,0,0,0,0,0,447,447,41.0379498,0.5976192
Moià,283,0,0,0,0,2607,2890,41.8130391,2.0978412
Molar,0,0,67,0,0,138,205,41.1629799,0.7058078
Molins de Rei,4077,2120,0,696,263,6488,13644,41.4138087,2.0159626
Mollerussa,722,1369,0,148,299,2852,5390,41.6298226,0.8937727
Mollet de Peralada,13,0,90,0,0,33,136,42.3595501,2.9999085
Mollet del Vallès,7921,0,1142,2135,970,10425,22593,41.5393484,2.2130934
Molló,0,0,0,0,0,173,173,42.3485369,2.4043962
Molsosa,4,0,0,0,0,58,62,41.7857191,1.5443377
Monistrol de Calders,0,0,0,0,0,454,454,41.7608379,2.0146236
Monistrol de Montserrat,195,521,0,0,133,599,1448,41.6105028,1.8452698
Mont-ral,10,0,0,0,0,95,105,41.2871207,1.0980821
Mont-ras,101,0,0,0,0,839,940,41.9080196,3.144796
Mont-roig del Camp,1609,0,879,457,160,1660,4765,41.0846728,0.9613021
Montagut i Oix,0,0,0,0,0,412,412,42.2309257,2.5967415
Montblanc,371,0,0,0,0,3135,3506,41.3762309,1.1620703
Montbrió del Camp,68,0,294,0,0,902,1264,41.1200937,1.0057341
Montcada i Reixac,3348,2966,723,1587,563,5969,15156,41.4823115,2.1869985
Montclar,0,0,0,0,0,68,68,42.018173,1.7653302
Montellà i Martinet,0,0,0,0,0,305,305,42.3229253,1.6931213
Montesquiu,0,195,0,0,0,352,547,42.108728,2.2086111
Montferrer i Castellbò,0,104,0,0,0,446,550,42.3957216,1.3376396
Montferri,0,0,119,0,0,0,119,41.2655697,1.3666818
Montgai,0,0,0,0,0,475,475,41.7999989,0.961434
Montgat,964,1530,877,557,113,1666,5707,41.4666983,2.2789654
Montmajor,0,0,0,0,0,282,282,42.0180704,1.735819
Montmaneu,0,0,0,0,0,107,107,41.6259778,1.4147627
Montmell,222,47,59,0,0,402,730,41.3151419,1.4535016
Montmeló,1867,412,0,141,136,2196,4752,41.5515189,2.2480812
Montoliu de Lleida,0,0,0,0,11,280,291,41.5601373,0.5889379
Montoliu de Segarra,0,0,44,0,0,67,111,41.5900878,1.2698212
Montornès de Segarra,37,0,0,0,0,46,83,41.6009305,1.230309
Montornès del Vallès,1581,0,363,609,477,4256,7286,41.542545,2.2670557
Montseny,0,127,0,0,0,115,242,41.7593697,2.3952061
Morell,170,0,588,219,16,795,1788,41.1923512,1.2071006
Morera de Montsant,4,51,35,0,0,35,125,41.2627531,0.8422556
Muntanyola,0,0,0,0,0,369,369,41.8769342,2.1790836
Mura,0,50,0,0,0,131,181,41.6998219,1.9764684
Móra d'Ebre,316,440,1223,86,134,509,2708,41.0893373,0.6412887
Móra la Nova,297,846,407,0,0,0,1550,41.1005287,0.6517231
Nalec,0,0,0,0,0,69,69,41.5601757,1.1151553
Naut Aran,0,0,0,0,0,1018,1018,42.7016601,0.9131665
Navarcles,667,0,0,0,105,2409,3181,41.7531567,1.9033612
Navata,40,0,0,0,0,654,694,42.2248425,2.8584815
Navàs,580,1167,0,0,0,1447,3194,41.8989233,1.8767736
Navès,0,0,134,0,0,0,134,41.9911068,1.639612
Nou de Berguedà,0,0,0,0,0,75,75,42.1666467,1.8850367
Nou de Gaià,0,0,0,0,0,322,322,41.948992,1.9136032
Nulles,0,0,216,0,0,0,216,41.2492881,1.2957338
Odèn,0,0,80,0,0,124,204,42.1288886,1.4503494
Ogassa,0,0,0,0,0,152,152,42.2656267,2.2777794
Olesa de Bonesvalls,292,234,61,94,0,220,901,41.3505032,1.8492996
Olesa de Montserrat,1986,1617,0,1227,242,5442,10514,41.543053,1.8931874
Oliana,0,0,0,0,0,1068,1068,42.0671629,1.3149416
Oliola,0,0,0,0,0,137,137,41.8758085,1.1737519
Olius,0,91,237,0,0,202,530,41.9943322,1.5697161
Olivella,648,211,178,93,42,323,1495,41.3103129,1.8114946
Olost,0,0,0,0,0,535,535,41.9851518,2.0941372
Olot,1761,3337,0,590,0,9676,15364,42.1822177,2.4890211
Oluges,0,0,36,0,0,61,97,41.6967254,1.3200824
Olvan,32,186,0,0,0,326,544,42.0571091,1.9064046
Olèrdola,0,378,357,0,0,1140,1875,41.3214217,1.7234463
Omellons,0,0,50,0,0,96,146,41.502237,0.9618227
Omells de na Gaia,0,0,0,0,0,65,65,41.5003209,1.0749613
Ordis,0,168,0,0,0,0,168,42.2185591,2.9072143
Organyà,0,126,0,0,0,378,504,42.2107781,1.327822
Oristà,0,0,0,0,0,284,284,41.9327257,2.0599756
Orpí,0,0,48,0,0,54,102,41.5185604,1.5755145
Orís,0,0,0,0,0,227,227,42.065576,2.2122605
Os de Balaguer,0,0,0,0,0,429,429,41.8713099,0.7193399
Osor,33,0,0,0,0,190,223,41.9451025,2.5569285
Ossó de Sió,0,0,0,0,0,135,135,41.7548359,1.1592516
Pacs del Penedès,0,168,327,0,0,0,495,41.3615067,1.6698611
Palafolls,1503,1850,198,237,61,583,4432,41.6673913,2.7499262
Palafrugell,2631,2510,0,527,168,2848,8684,41.9183618,3.1619905
Palamós,1442,3880,0,473,247,1871,7913,41.8495354,3.1278785
Palau d'Anglesola,0,0,0,0,0,1238,1238,41.6565509,0.8782093
Palau de Santa Eulàlia,0,36,10,0,0,14,60,42.1734468,2.9646635
Palau-sator,0,140,0,0,0,0,140,41.9897891,3.1103856
Palau-saverdera,0,0,188,0,0,501,689,42.3076083,3.146611
Palau-solità i Plegamans,1853,1947,0,884,0,2425,7109,41.5873942,2.1806823
Pallaresos,0,272,0,286,102,1585,2245,41.1751622,1.2754982
Pallejà,1123,1083,0,381,0,3342,5929,41.422188,1.9966632
Palma d'Ebre,0,0,163,0,0,80,243,41.2833974,0.6656065
Palma de Cervelló,165,217,0,95,10,1168,1655,41.4018642,1.9605647
Palol de Revardit,0,0,0,0,0,266,266,42.0694953,2.7958985
Pals,257,0,0,0,0,946,1203,41.9709891,3.1460371
Papiol,0,687,0,0,0,1304,1991,41.4379916,2.0108896
Pardines,0,0,0,0,0,72,72,42.312731,2.2139864
Parets del Vallès,3398,2295,0,775,238,2409,9115,41.5729887,2.2329289
Parlavà,0,231,0,0,0,0,231,42.022591,3.0304741
Passanant i Belltall,12,0,0,0,0,127,139,41.5319348,1.19646
Pau,0,0,0,7,0,310,317,42.3161009,3.1161931
Paüls,46,0,0,0,0,324,370,40.9221798,0.399879
Pedret i Marzà,0,0,48,0,0,68,116,42.3078129,3.0706399
Penelles,0,0,0,0,0,258,258,41.7585402,0.9652356
Pera,0,0,0,0,0,219,219,42.283914,2.4938967
Perafita,0,0,0,0,0,239,239,42.0423757,2.107122
Perafort,134,113,338,67,10,63,725,41.1914523,1.2564332
Peralada,0,0,663,0,0,248,911,42.3085047,3.0089916
Peramola,0,0,0,0,0,203,203,42.0577991,1.2678488
Perelló,0,841,465,0,0,0,1306,40.8754052,0.7123762
Piera,1493,1783,1342,641,340,959,6558,41.5216923,1.7526335
Piles,0,0,0,0,0,83,83,41.5036851,1.3426056
Pineda de Mar,5587,0,0,607,536,5377,12107,41.6276807,2.6898707
Pinell de Brai,0,82,225,0,0,397,704,40.9981776,0.4720555
Pinell de Solsonès,1,0,52,0,0,92,145,41.9708511,1.3998691
Pinós,0,0,135,0,0,39,174,41.8274504,1.5426078
Pira,0,0,0,0,0,222,222,41.4236202,1.2031023
Pla de Santa Maria,0,199,837,0,0,242,1278,41.7764438,0.8238372
Pla del Penedès,0,270,309,0,0,103,682,41.4176191,1.7113804
Planes d'Hostoles,0,0,0,0,0,702,702,42.0565983,2.5384283
Planoles,0,0,0,0,0,190,190,42.3148273,2.1029743
Plans de Sió,0,227,65,0,0,0,292,41.7129323,1.2204653
Poal,0,0,241,0,0,143,384,41.7508562,1.8314874
Pobla de Claramunt,140,176,444,0,0,414,1174,41.5545592,1.6779739
Pobla de Cérvoles,0,48,0,0,3,80,131,41.3701499,0.9184567
Pobla de Lillet,0,440,0,0,0,286,726,42.2404906,1.9655559
Pobla de Mafumet,224,212,0,95,17,1314,1862,41.1865974,1.2082805
Pobla de Massaluca,0,0,156,0,0,0,156,41.1821736,0.3538733
Pobla de Montornès,0,429,0,0,102,753,1284,41.1784822,1.4142074
Pobla de Segur,372,898,0,0,0,247,1517,42.2401756,0.9660326
Poboleda,0,161,45,0,0,0,206,41.233358,0.844888
Polinyà,2363,530,0,228,110,640,3871,41.5576041,2.1566544
Pont d'Armentera,0,0,163,0,0,125,288,41.3845526,1.3609804
Pont de Bar,0,31,0,0,0,87,118,42.3792894,1.6117658
Pont de Molins,6,63,0,0,0,281,350,42.3148493,2.9304359
Pont de Suert,0,0,0,0,49,1073,1122,42.4079576,0.7401693
Pont de Vilomara i Rocafort,825,733,0,259,0,242,2059,41.7008286,1.8691118
Pontils,0,0,54,0,0,27,81,41.4774835,1.3884066
Pontons,0,0,86,0,167,55,308,41.4155898,1.516296
Ponts,0,565,0,0,0,750,1315,41.9154944,1.1863072
Pontós,0,0,78,0,0,113,191,42.1858949,2.9172363
Porqueres,0,0,0,0,0,2523,2523,42.1226823,2.7254945
Porrera,15,0,242,0,0,0,257,41.1889652,0.8560917
Port de la Selva,0,0,359,0,0,168,527,41.7411052,2.8255994
Portbou,0,0,0,0,0,533,533,42.4274333,3.1588785
Portella,0,0,0,0,0,376,376,41.7388399,0.6395895
Pradell de la Teixeta,0,0,72,0,0,0,72,41.1566981,0.8759861
Prades,0,0,0,0,0,340,340,41.3096688,0.9873776
Prat de Comte,14,0,95,0,0,0,109,40.9829428,0.4057612
Prat de Llobregat,6310,3347,1435,2893,1343,14215,29543,41.3140154,2.1327337
Pratdip,0,0,0,0,0,464,464,41.0515188,0.8716047
Prats de Lluçanès,0,504,0,0,0,1105,1609,42.0085421,2.0298689
Prats de Rei,0,0,0,0,0,266,266,41.7087424,1.5392472
Prats i Sansor,0,0,0,0,0,112,112,42.3654525,1.8372016
Preixana,0,0,0,0,0,191,191,41.6069897,1.0386967
Preixens,0,0,0,0,0,257,257,41.7948485,1.0509201
Premià de Dalt,685,733,2311,476,182,649,5036,41.5076668,2.3437394
Premià de Mar,1753,0,0,1498,330,9484,13065,41.4926822,2.3605846
Preses,0,0,0,0,0,1017,1017,42.1450901,2.4592158
Prullans,0,50,0,0,0,109,159,42.3803293,1.7364774
Puig-reig,0,0,0,0,0,2145,2145,41.9735499,1.8775308
Puigcerdà,0,955,0,0,278,2348,3581,42.4317966,1.9278693
Puigdàlber,0,129,177,0,0,0,306,41.4045506,1.700349
Puiggròs,0,0,0,0,0,152,152,41.5510407,0.8890694
Puigpelat,0,0,376,0,0,217,593,41.2798081,1.2970011
Puigverd d'Agramunt,0,0,0,0,0,173,173,41.7780434,1.1215633
Puigverd de Lleida,0,0,0,0,25,775,800,41.5436104,0.7334031
Pujalt,0,0,0,0,0,125,125,41.7169947,1.4211325
Quar,0,29,0,0,0,0,29,42.1050263,1.9807775
Quart,365,477,0,0,0,1231,2073,41.9401591,2.8413516
Queralbs,0,38,0,0,0,139,177,42.3495722,2.1632838
Querol,41,0,0,0,0,253,294,41.4234071,1.3970189
Rabós,0,44,94,0,0,6,144,42.3787458,3.0283472
Rajadell,37,115,214,0,0,0,366,41.7291916,1.7056275
Rasquera,0,182,155,0,0,158,495,41.003625,0.5988478
Regencós,0,95,0,0,0,72,167,41.9523563,3.1687852
Rellinars,24,106,0,0,0,328,458,41.6367945,1.910447
Renau,0,0,0,0,0,93,93,41.2249813,1.3113308
Reus,7329,7434,0,4624,2046,21623,43056,41.1555564,1.1076133
Rialp,0,0,0,0,0,393,393,42.4430046,1.1354914
Riba,0,0,287,0,0,0,287,41.3169975,1.1771329
Riba-roja d'Ebre,0,0,0,0,0,650,650,41.2514635,0.4855561
Ribera d'Ondara,0,0,179,0,0,125,304,41.634037,1.3288471
Ribera d'Urgellet,0,108,0,0,0,358,466,42.2861046,1.4187688
Ribes de Freser,0,0,0,0,0,974,974,42.3057283,2.167817
Riells i Viabrea,368,0,0,0,59,1632,2059,41.7764308,2.5129067
Riera de Gaià,85,0,0,0,0,822,907,41.893979,1.8969608
Riner,0,0,0,0,0,176,176,41.9416574,1.5636188
Ripoll,838,936,0,0,0,3436,5210,42.1982391,2.1932496
Ripollet,4243,0,0,2013,650,9433,16339,41.4993372,2.1573095
Riu de Cerdanya,0,0,0,0,0,79,79,42.3451931,1.8261265
Riudarenes,0,0,0,0,0,1059,1059,41.8218536,2.7163817
Riudaura,0,0,0,0,0,268,268,42.1887348,2.4093804
Riudecanyes,0,312,0,30,0,278,620,41.1303686,0.9618942
Riudecols,0,494,0,0,0,172,666,41.1680845,0.9746249
Riudellots de la Selva,0,524,0,0,0,595,1119,41.8954981,2.8022296
Riudoms,281,918,1628,0,0,398,3225,41.1390915,1.0519702
Riumors,0,0,0,0,0,92,92,42.2269331,3.0420591
Roca del Vallès,957,1815,1345,520,115,438,5190,41.5914023,2.328068
Rocafort de Queralt,0,124,0,0,0,0,124,41.4784492,1.2813851
Roda de Berà,573,336,177,281,221,1358,2946,41.1857961,1.4569904
Roda de Ter,0,0,0,0,0,3057,3057,41.9814126,2.3096755
Rodonyà,0,65,204,0,0,0,269,41.2826844,1.3990724
Roquetes,0,1617,521,287,0,1090,3515,40.8203657,0.50343
Roses,1209,1462,0,783,445,2862,6761,42.2632018,3.1755328
Rosselló,0,210,0,88,11,1090,1399,41.694083,0.5962386
Rourell,0,0,177,0,13,0,190,41.223574,1.2183923
Rubió,0,0,87,0,0,68,155,41.6442397,1.5701167
Rubí,10492,7232,0,3301,1171,9439,31635,41.4936194,2.0319476
Rupit i Pruit,0,0,0,0,0,164,164,42.024334,2.4653919
Rupià,0,0,0,0,0,132,132,42.0207872,3.0105902
Ràpita,731,3279,0,181,0,2503,6694,40.6178149,0.5900091
Sabadell,28808,19284,9005,9865,2811,26216,95989,41.5421013,2.1138977
Sagàs,0,0,0,0,0,59,59,42.0510214,1.9626051
Saldes,0,0,0,0,0,145,145,42.2287591,1.7349486
Sales de Llierca,0,0,0,0,0,62,62,42.2358533,2.6499657
Sallent,0,1632,0,0,0,1848,3480,41.8259065,1.8948758
Salomó,0,0,0,0,0,210,210,41.2295948,1.3747378
Salou,1484,1393,2237,1253,465,1712,8544,41.0768193,1.1440411
Salt,1722,2493,0,373,219,3850,8657,41.9741672,2.7949886
Salàs de Pallars,0,83,0,0,0,123,206,42.2120193,0.932087
Sanaüja,0,0,117,0,0,132,249,41.876169,1.3106363
Sant Adrià de Besòs,4199,0,0,2131,602,6286,13218,41.4304832,2.2182775
Sant Agustí de Lluçanès,0,0,0,0,0,50,50,42.0855048,2.1272825
Sant Andreu Salou,0,43,0,0,0,74,117,41.8732667,2.8254449
Sant Andreu de Llavaneres,448,2383,673,551,490,460,5005,41.5739524,2.4828158
Sant Andreu de la Barca,5080,0,506,1435,442,4407,11870,41.4499648,1.9719416
Sant Aniol de Finestres,0,0,0,0,0,221,221,42.0694432,2.6084554
Sant Antoni de Vilamajor,0,715,0,0,0,2229,2944,41.6735604,2.4012202
Sant Bartomeu del Grau,0,0,0,0,0,524,524,41.9807659,2.1750391
Sant Boi de Llobregat,16001,6233,1743,3915,1633,7632,37157,41.3459033,2.0413673
Sant Boi de Lluçanès,0,0,0,0,0,274,274,42.0578411,2.1511135
Sant Cebrià de Vallalta,163,458,239,0,0,748,1608,41.620353,2.6017906
Sant Celoni,2083,1386,0,397,0,4529,8395,41.6895041,2.4914526
Sant Climent Sescebes,56,180,89,0,0,0,325,42.3693761,2.9802226
Sant Climent de Llobregat,0,0,0,126,17,2031,2174,41.3366993,1.9970575
Sant Cugat Sesgarrigues,0,267,0,0,0,351,618,41.3644619,1.7530702
Sant Cugat del Vallès,0,0,12146,5188,1935,24561,43830,41.4728432,2.0817809
Sant Esteve Sesrovires,935,1172,0,335,0,1377,3819,41.4932429,1.8747348
Sant Esteve de Palautordera,0,321,770,0,0,448,1539,41.7040768,2.4343426
Sant Esteve de la Sarga,0,57,0,0,2,39,98,42.0798949,0.7640458
Sant Feliu Sasserra,0,284,0,0,0,0,284,41.9447451,2.0213124
Sant Feliu de Buixalleu,0,185,0,0,0,254,439,41.7913017,2.5861463
Sant Feliu de Codines,262,400,1205,0,0,1109,2976,41.6885036,2.1646769
Sant Feliu de Guíxols,1253,1326,0,339,214,6008,9140,41.7838827,3.0283195
Sant Feliu de Llobregat,5307,4777,0,2265,882,9004,22235,41.3812851,2.0446381
Sant Feliu de Pallerols,0,0,0,0,0,856,856,42.0758164,2.5078037
Sant Ferriol,4,0,0,0,0,133,137,42.1868577,2.6783028
Sant Fost de Campsentelles,380,0,0,167,73,3742,4362,41.518752,2.2328323
Sant Fruitós de Bages,783,926,0,0,0,2707,4416,41.7532735,1.8749418
Sant Gregori,121,396,0,0,0,1619,2136,41.9910304,2.7564765
Sant Guim de Freixenet,0,398,117,0,0,0,515,41.6575687,1.4208056
Sant Guim de la Plana,0,77,0,0,0,54,131,41.7624821,1.3236047
Sant Hilari Sacalm,0,541,0,0,0,2209,2750,41.8780822,2.5131751
Sant Hipòlit de Voltregà,0,0,0,0,0,1878,1878,42.0152733,2.2376471
Sant Iscle de Vallalta,19,96,82,0,0,523,720,41.62433,2.56914
Sant Jaume d'Enveja,1115,492,225,0,0,127,1959,40.7062849,0.7182888
Sant Jaume de Frontanyà,0,0,0,0,0,21,21,42.1874392,2.0238488
Sant Jaume de Llierca,0,0,0,0,0,356,356,42.2119833,2.6074259
Sant Jaume dels Domenys,145,311,0,0,0,835,1291,41.2988526,1.5601007
Sant Joan Despí,7929,2742,0,1656,672,4167,17166,41.3667951,2.0570346
Sant Joan de Mollet,0,0,0,0,0,227,227,42.0442275,2.941985
Sant Joan de Vilatorrada,1021,981,0,329,95,3091,5517,41.7422073,1.803625
Sant Joan de les Abadesses,0,856,0,0,0,1172,2028,42.233743,2.2854845
Sant Joan les Fonts,0,0,0,0,0,1559,1559,42.2132951,2.5134302
Sant Jordi Desvalls,0,156,0,0,0,261,417,42.0714043,2.9522691
Sant Julià de Cerdanyola,0,0,0,0,0,118,118,42.2234097,1.8921354
Sant Julià de Ramis,0,1026,0,0,0,676,1702,42.0346552,2.8394572
Sant Julià de Vilatorta,0,0,0,0,0,1347,1347,41.9219404,2.3240651
Sant Julià del Llor i Bonmatí,0,0,0,0,0,518,518,41.9780037,2.6487993
Sant Just Desvern,3244,1549,0,695,374,3139,9001,41.3815832,2.0750677
Sant Llorenç Savall,60,529,0,0,0,672,1261,41.6794647,2.0579669
Sant Llorenç d'Hortons,0,0,0,0,0,1253,1253,41.4679645,1.824028
Sant Llorenç de Morunys,0,0,159,0,0,362,521,42.1360783,1.5885869
Sant Llorenç de la Muga,2,0,0,0,0,192,194,42.3199618,2.7888647
Sant Martí Sarroca,0,300,0,0,0,1400,1700,41.3854214,1.6108158
Sant Martí Sesgueioles,0,0,89,0,0,157,246,41.7021286,1.4882003
Sant Martí Vell,0,0,0,0,6,141,147,42.0196093,2.9311901
Sant Martí d'Albars,0,0,0,0,0,84,84,42.0281258,2.0742512
Sant Martí de Centelles,0,0,0,0,0,567,567,41.7540904,2.2195762
Sant Martí de Llémena,5,0,0,0,0,319,324,42.0364324,2.6475329
Sant Martí de Riucorb,0,0,0,0,0,447,447,41.5550892,1.0798514
Sant Martí de Tous,0,435,117,0,0,199,751,41.5621915,1.521792
Sant Mateu de Bages,0,193,0,0,0,227,420,41.7969781,1.7327386
Sant Miquel de Campmajor,3,0,0,0,0,130,133,42.135899,2.6790781
Sant Miquel de Fluvià,0,0,0,0,0,281,281,42.1732143,2.9904591
Sant Mori,0,57,37,0,0,51,145,42.1559696,2.9896074
Sant Pau de Segúries,0,0,0,0,0,449,449,42.2633408,2.366055
Sant Pere Pescador,0,0,0,0,0,728,728,42.1899836,3.0837479
Sant Pere Sallavinera,0,0,50,0,0,38,88,41.7365708,1.5745225
Sant Pere de Ribes,6278,1344,0,795,360,4240,13017,41.2619218,1.7721357
Sant Pere de Riudebitlles,0,457,524,0,0,218,1199,41.4535893,1.7017388
Sant Pere de Torelló,0,0,0,0,0,1282,1282,42.0754755,2.2955862
Sant Pere de Vilamajor,400,938,0,0,0,739,2077,41.6843288,2.3900497
Sant Pol de Mar,174,855,214,0,116,1418,2777,41.6030132,2.6238092
Sant Quintí de Mediona,0,625,0,0,88,399,1112,41.4627909,1.6652161
Sant Quirze Safaja,0,0,0,0,0,325,325,41.7271551,2.1530012
Sant Quirze de Besora,0,391,0,0,0,831,1222,42.101426,2.2170289
Sant Quirze del Vallès,1381,0,1751,1088,389,5490,10099,41.530143,2.0820052
Sant Ramon,0,110,196,0,0,0,306,41.7253374,1.363189
Sant Sadurní d'Anoia,1440,1838,1454,0,487,1420,6639,41.4244663,1.7863949
Sant Sadurní d'Osormort,0,10,0,0,0,45,55,41.9019288,2.3815562
Sant Salvador de Guardiola,361,0,706,0,0,492,1559,41.6797988,1.7671087
Sant Vicenç de Castellet,740,1580,1391,0,0,351,4062,41.6669999,1.8625559
Sant Vicenç de Montalt,730,316,0,239,196,1684,3165,41.5787122,2.5103642
Sant Vicenç de Torelló,0,0,0,0,0,1188,1188,42.0630229,2.272337
Sant Vicenç dels Horts,0,0,0,1512,242,11056,12810,41.3934193,2.0099482
Santa Bàrbara,211,373,582,0,346,293,1805,40.7145779,0.4927561
Santa Cecília de Voltregà,0,0,0,0,0,136,136,41.9930549,2.222325
Santa Coloma de Cervelló,584,0,0,320,66,2961,3931,41.3687006,2.0174512
Santa Coloma de Farners,619,1659,0,0,0,3029,5307,41.8603109,2.6659047
Santa Coloma de Gramenet,22913,4460,0,6349,1918,9143,44783,41.4515626,2.2083371
Santa Coloma de Queralt,0,492,0,0,0,956,1448,41.5320987,1.3884221
Santa Cristina d'Aro,0,769,0,139,86,1290,2284,41.813979,2.9974879
Santa Eugènia de Berga,0,0,0,0,23,1253,1276,41.9000058,2.283319
Santa Eulàlia de Riuprimer,0,0,0,0,0,510,510,41.9109533,2.1886023
Santa Eulàlia de Ronçana,0,559,170,279,0,2487,3495,41.6523952,2.229264
Santa Fe del Penedès,0,0,124,0,0,124,248,41.3844582,1.7209214
Santa Llogaia d'Àlguema,0,0,0,0,0,128,128,42.2333519,2.9523456
Santa Margarida de Montbui,1919,507,0,198,48,2036,4708,41.5745942,1.6084538
Santa Margarida i els Monjos,1628,1050,0,188,0,476,3342,41.3213389,1.6623519
Santa Maria d'Oló,0,0,0,0,0,484,484,41.8742425,2.0358546
Santa Maria de Besora,0,0,0,0,0,117,117,42.1272818,2.2589189
Santa Maria de Martorelles,0,174,123,0,0,203,500,41.5198085,2.2537044
Santa Maria de Merlès,0,0,0,0,0,47,47,42.0007572,1.9778885
Santa Maria de Miralles,0,0,38,0,0,51,89,41.5004287,1.5282249
Santa Maria de Palautordera,667,0,2579,0,0,1458,4704,41.693781,2.4442321
Santa Oliva,570,491,64,168,72,280,1645,41.2532889,1.5510139
Santa Pau,0,0,0,0,0,989,989,42.1442606,2.571379
Santa Perpètua de Mogoda,1741,0,0,1427,261,7604,11033,41.5328106,2.1823309
Santa Susanna,104,0,0,153,0,1393,1650,41.6357256,2.7065933
Santpedor,0,1580,846,0,0,1478,3904,41.7847594,1.8386882
Sarral,0,0,325,0,0,504,829,41.4453774,1.2469434
Sarrià de Ter,521,1141,0,203,0,758,2623,42.0141923,2.8175976
Sarroca de Bellera,0,0,0,0,0,103,103,42.3595877,0.8812388
Sarroca de Lleida,0,0,0,0,0,257,257,41.4594249,0.5610144
"Saus, Camallera i Llampaies",0,0,258,0,0,223,481,42.1319421,2.979009
Savallà del Comtat,0,0,23,0,0,20,43,41.5428139,1.2997894
Secuita,0,640,0,0,97,0,737,41.4077814,2.1625342
Selva de Mar,2,25,102,0,0,0,129,41.4091122,2.2104564
Selva del Camp,0,614,1013,0,0,1465,3092,41.2112712,1.1439589
Senan,0,0,0,0,0,24,24,41.4696984,1.0874668
Senterada,0,18,0,0,0,114,132,42.3249257,0.9366155
Sentiu de Sió,0,0,0,0,0,281,281,41.8049307,0.8797113
Sentmenat,905,639,785,189,110,1766,4394,41.6110502,2.1374456
Serinyà,0,0,0,0,0,539,539,42.1687245,2.7448646
Serra de Daró,0,47,0,0,0,98,145,42.028087,3.0728658
Seròs,0,418,0,0,22,470,910,41.4636665,0.4118677
Setcases,0,48,0,0,0,109,157,42.375331,2.3016103
Seu d'Urgell,0,1192,0,126,167,4064,5549,42.3573444,1.4621527
Seva,0,1094,0,0,0,830,1924,41.8361292,2.2835441
Sidamon,0,78,328,0,0,0,406,41.6289346,0.8318491
Sils,178,0,0,132,73,2237,2620,41.8098347,2.743055
Sitges,1406,2172,1860,1349,423,5235,12445,41.2366707,1.8228136
Siurana,0,0,44,0,0,64,108,42.2095097,2.9940216
Sobremunt,0,0,0,0,0,44,44,42.0353017,2.165156
Soleràs,0,0,43,0,0,152,195,42.1002208,2.1776968
Solivella,0,0,0,0,0,329,329,41.4551755,1.1782848
Solsona,313,2145,1038,178,0,691,4365,41.9945762,1.5184038
Sora,0,0,0,0,0,121,121,42.1119353,2.1610531
Soriguera,0,0,0,0,0,265,265,42.3848228,1.1834819
Sort,110,0,0,0,0,1084,1194,42.4114509,1.1298362
Soses,0,426,0,0,0,414,840,41.5331552,0.4874802
Subirats,158,509,652,0,58,364,1741,41.3951601,1.8112496
Sudanell,0,0,0,0,0,500,500,41.556894,0.5669118
Sunyer,0,0,0,0,0,186,186,41.5230023,0.5924514
Susqueda,0,50,0,0,0,5,55,41.9983697,2.5131351
Sénia,0,0,0,0,0,2713,2713,40.6352128,0.2810833
Súria,871,754,213,103,0,1363,3304,41.8328065,1.7526606
Tagamanent,0,0,0,0,0,112,112,41.7391505,2.2666145
Talamanca,0,0,94,0,0,62,156,41.7381785,1.9772537
Talarn,0,0,0,0,0,234,234,42.1860349,0.8995312
Talavera,0,0,135,0,0,70,205,41.5817985,1.33826
Tallada d'Empordà,0,0,0,0,0,290,290,42.0798863,3.0555614
Taradell,0,2312,0,0,0,1176,3488,41.8762624,2.2859511
Tarragona,13416,0,6395,8439,3595,25262,57107,41.1172364,1.2546057
Tarroja de Segarra,0,0,66,0,3,103,172,41.7308605,1.2742092
Tarrés,0,0,0,0,0,73,73,41.422847,1.0195198
Tavertet,0,26,0,0,2,47,75,41.995547,2.4182542
Tavèrnoles,0,73,0,0,0,138,211,41.9520757,2.3263016
Teià,321,0,0,355,0,2692,3368,41.4994081,2.3205426
Terrades,0,0,104,0,0,0,104,42.3106341,2.8381619
Terrassa,19638,0,7225,7747,2958,57555,95123,41.5629623,2.0100492
Tiana,759,1058,1348,247,164,1127,4703,41.4819226,2.2689473
Tiurana,0,0,44,0,0,17,61,41.9755539,1.2563829
Tivenys,303,0,0,0,0,307,610,40.9063633,0.5123178
Tivissa,0,0,425,0,0,586,1011,41.0416528,0.7346523
Tona,334,939,0,0,126,2755,4154,41.8538039,2.2280115
Tordera,1167,0,0,527,225,5184,7103,41.6977173,2.7172987
Torelló,938,0,0,274,0,5552,6764,42.0478304,2.2643391
Torms,0,0,0,0,0,110,110,41.3945871,0.7200786
Tornabous,0,142,0,0,0,291,433,41.7018162,1.0524009
Torre de Cabdella,0,255,95,0,0,136,486,42.4130548,0.9786399
Torre de Claramunt,494,326,884,0,0,207,1911,41.5349561,1.6655769
Torre de Fontaubella,9,0,0,0,0,89,98,41.1245958,0.8644949
Torre de l'Espanyol,0,0,0,0,0,291,291,41.199313,0.6170686
Torre-serona,0,0,0,0,0,247,247,41.672172,0.6303608
Torrebesses,0,0,0,0,0,136,136,41.4265429,0.5947229
Torredembarra,1337,2494,0,960,280,1759,6830,41.146155,1.3959508
Torrefarrera,296,399,0,0,88,1340,2123,41.6735377,0.6066894
Torrefeta i Florejacs,0,240,113,0,0,0,353,41.7787656,1.2473908
Torregrossa,0,827,0,0,0,185,1012,41.5805089,0.8317131
Torrelameu,0,306,0,0,0,131,437,41.7044727,0.703576
Torrelavit,0,254,367,0,0,190,811,41.4432636,1.7266773
Torrelles de Foix,117,165,745,0,0,75,1102,41.387735,1.5723453
Torrelles de Llobregat,490,768,493,157,34,949,2891,41.3565232,1.9816276
Torrent,61,51,0,0,3,56,171,41.9515047,3.1267566
Torres de Segre,303,176,0,0,27,500,1006,41.5352381,0.5135629
Torroella de Fluvià,180,0,0,0,0,179,359,42.174492,3.0402489
Torroella de Montgrí,0,1067,0,255,87,3414,4823,42.040982,3.1262041
Torroja del Priorat,0,0,42,0,0,71,113,41.2133186,0.8106095
Tortellà,0,0,0,0,0,477,477,42.233331,2.630869
Tortosa,2042,0,4357,930,359,7175,14863,40.8110158,0.5209333
Torà,0,317,194,0,0,162,673,41.8120807,1.4037146
Toses,0,30,0,0,0,86,116,42.3218595,2.0168227
Tossa de Mar,0,365,0,237,0,2069,2671,41.7197773,2.9312155
Tremp,0,880,0,0,0,1852,2732,42.1669782,0.8950137
Tàrrega,859,0,0,239,141,5745,6984,41.6472761,1.1409115
Térmens,0,0,0,0,0,856,856,41.7184579,0.7631282
Tírvia,0,0,0,0,6,59,65,42.514956,1.243896
Ullastrell,79,568,0,61,0,393,1101,41.5265763,1.9560471
Ullastret,0,0,0,0,0,203,203,42.0008975,3.0689759
Ulldecona,0,336,327,0,315,1990,2968,40.5967567,0.4475376
Ulldemolins,0,0,98,0,0,210,308,41.3222886,0.8761351
Ullà,0,0,0,0,0,447,447,42.0500542,3.1073899
Ultramort,1,0,0,0,0,150,151,42.037127,3.0349373
Urús,0,0,0,0,6,89,95,42.3520412,1.8534065
Vacarisses,309,1236,0,251,45,1302,3143,41.6063852,1.9194608
Vajol,0,0,36,0,0,22,58,42.4039078,2.800086
Vall d'en Bas,0,0,0,0,0,1885,1885,42.1334,2.4423377
Vall de Bianya,0,0,0,0,0,641,641,42.2128025,2.4521905
Vall de Boí,0,318,0,0,0,276,594,42.5040046,0.79537
Vall de Cardós,0,0,0,0,0,206,206,42.5936277,1.2026698
Vall-llobrega,0,145,0,0,0,317,462,41.8792987,3.1263403
Vallbona d'Anoia,195,166,0,0,0,449,810,41.5194769,1.7082922
Vallbona de les Monges,0,0,0,0,0,208,208,41.5249704,1.0890539
Vallcebre,0,0,0,0,0,188,188,42.2036044,1.818818
Vallclara,0,12,43,0,0,0,55,41.3774766,0.982585
Vallfogona de Balaguer,0,0,574,0,0,386,960,41.7518459,0.8165116
Vallfogona de Ripollès,0,0,0,0,0,118,118,42.1963139,2.3036247
Vallfogona de Riucorb,0,0,0,0,0,53,53,41.5632199,1.2363297
Vallgorguina,0,325,0,0,0,1038,1363,41.6473229,2.5100384
Vallirana,3228,1180,0,532,195,1675,6810,41.3877623,1.9320806
Vallmoll,643,0,0,0,15,340,998,41.2426301,1.2488953
Vallromanes,108,0,113,0,0,1156,1377,41.5323208,2.2989347
Valls,2010,0,3581,818,346,4190,10945,41.2835355,1.2473637
Valls d'Aguilar,0,0,0,0,0,199,199,42.2993872,1.2847177
Valls de Valira,0,0,0,0,0,350,350,42.3775374,1.4553493
Vandellòs i l'Hospitalet de l'Infant,1132,351,0,205,200,1148,3036,40.9985238,0.8493534
Vansa i Fórnols,0,0,0,0,0,104,104,42.2416618,1.5107466
Veciana,0,41,63,0,0,0,104,41.6559029,1.4885194
Vendrell,4001,0,1198,1496,630,7310,14635,41.2199677,1.5348566
Ventalló,0,167,243,0,0,0,410,42.1491351,3.0268953
Verdú,0,0,0,0,0,523,523,41.6102775,1.143512
Verges,0,0,0,0,0,515,515,42.0638953,3.0466102
Vespella de Gaià,214,0,0,0,0,40,254,41.2040993,1.3599407
Vic,1089,3472,0,690,212,12265,17728,41.9302021,2.2545943
Vidreres,0,0,0,0,0,3321,3321,41.7888681,2.7792768
Vidrà,0,0,0,0,0,124,124,42.1228239,2.3106778
Vielha e Mijaran,0,0,0,77,72,2410,2559,42.7017572,0.7954744
Vila-rodona,0,0,0,0,0,437,437,41.3108464,1.3581489
Vila-sacra,29,0,176,0,0,160,365,42.2668061,3.0170438
Vila-sana,0,0,259,0,0,176,435,41.6628331,0.9289367
Vila-seca,1067,0,0,1818,246,5789,8920,41.1109268,1.144961
Vilabella,0,133,268,0,0,95,496,41.2467608,1.3298797
Vilabertran,0,377,0,0,0,0,377,42.2826972,2.9814591
Vilablareix,137,1163,0,0,49,399,1748,41.9569396,2.7728439
Vilada,0,0,0,0,0,323,323,42.1369132,1.9315206
Viladamat,0,0,54,0,0,247,301,42.1327669,3.0753648
Viladasens,0,66,0,0,0,77,143,42.0951146,2.9294718
Viladecans,11771,5216,0,4442,996,6739,29164,41.3163083,2.0156034
Viladecavalls,399,1005,0,370,0,2194,3968,41.5563969,1.9553173
Vilademuls,0,0,0,0,0,410,410,42.138644,2.8879149
Viladrau,0,0,0,0,0,675,675,41.8483059,2.3906759
Vilafant,1065,906,265,389,93,0,2718,42.2515266,2.9418008
Vilafranca del Penedès,3625,3999,5339,1040,598,3545,18146,41.3463825,1.6995213
Vilagrassa,27,0,0,0,0,273,300,41.648938,1.1054885
Vilajuïga,0,250,0,0,0,389,639,42.3255898,3.0937345
Vilalba Sasserra,0,119,196,0,0,0,315,41.6530012,2.4405379
Vilalba dels Arcs,0,0,0,0,0,427,427,41.1203999,0.4097144
Vilaller,0,0,0,0,35,255,290,42.4759263,0.7165615
Vilallonga de Ter,0,0,0,0,0,176,176,42.331497,2.3125292
Vilallonga del Camp,0,362,327,0,85,396,1170,41.2080149,1.2074709
Vilamacolum,0,0,0,0,0,138,138,42.1965528,3.0571146
Vilamalla,0,0,458,0,0,0,458,42.2165982,2.9708293
Vilamaniscle,6,0,80,0,0,0,86,42.3743918,3.067464
Vilamòs,0,0,0,0,0,116,116,42.7471748,0.7277956
Vilanant,14,0,192,0,0,0,206,42.2544997,2.8897248
Vilanova d'Escornalbou,0,0,0,0,0,314,314,41.1129833,0.9366799
Vilanova de Bellpuig,0,0,264,0,0,452,716,41.6140501,0.9623795
Vilanova de Meià,0,176,0,0,0,78,254,41.9953518,1.0228846
Vilanova de Prades,31,0,0,0,0,0,31,41.347873,0.9571484
Vilanova de Sau,0,28,0,0,0,169,197,41.9476741,2.383405
Vilanova de Segrià,0,0,0,0,0,541,541,41.7121134,0.6169172
Vilanova de l'Aguda,0,0,0,0,0,118,118,41.9113134,1.2523535
Vilanova de la Barca,0,0,341,0,0,203,544,41.6895577,0.7288787
Vilanova del Camí,2338,887,303,145,109,2185,5967,41.5714336,1.6361449
Vilanova del Vallès,482,260,604,160,0,1116,2622,41.5536734,2.2862297
Vilanova i la Geltrú,7805,7739,0,3055,902,11560,31061,41.2241992,1.7256327
Vilaplana,0,0,0,0,0,302,302,41.2281084,1.0336452
Vilassar de Dalt,572,0,1164,285,219,2328,4568,41.5163595,2.3592879
Vilassar de Mar,1393,0,1734,1056,318,6377,10878,41.5064041,2.3913883
Vilaverd,0,0,158,0,0,0,158,41.3346124,1.1774773
Vilaür,0,0,2,0,0,78,80,42.1437984,2.9550356
Vilella Alta,0,0,0,0,0,59,59,41.2250307,0.7803592
Vilella Baixa,0,0,0,0,0,153,153,41.2199862,0.7634519
Vilobí d'Onyar,0,101,0,0,0,1687,1788,41.8882291,2.7423246
Vilobí del Penedès,0,0,0,0,0,658,658,41.3875574,1.6632965
Vilopriu,0,72,0,0,2,9,83,42.1043198,2.9918548
Vilosell,0,0,80,0,2,54,136,41.3828759,0.9467814
Vimbodí i Poblet,0,195,342,0,0,0,537,41.3848171,1.0491469
Vinaixa,0,0,0,0,0,293,293,41.4281821,0.9745809
Vinebre,0,0,0,0,0,194,194,41.1835005,0.5894559
Vinyols i els Arcs,173,0,0,77,15,791,1056,41.1139986,1.0387245
Viver i Serrateix,0,0,0,0,0,120,120,41.9497667,1.801485
Xerta,0,0,0,0,0,537,537,40.9080065,0.4911048
Àger,0,0,0,0,0,392,392,42.0000879,0.7632247
Òdena,0,0,0,0,0,1890,1890,41.6068791,1.6422209
Òrrius,30,330,49,0,0,0,409,41.5551821,2.3549387
